Workbook

Sheet All Findings
A1: ID | B1: Category | C1: Severity | D1: Title | E1: v3 Claim | F1: v4 Status | G1: Description | H1: Recommended Fix | I1: Priority | J1: Effort | K1: Module
A2: V3-001 | B2: Performance | C2: Critical | D2: FCP 51,176ms (28x over target) | E2: Claimed: Midtrans lazyOnload | F2: NOT FIXED — REGRESSED | G2: FCP worsened from 13,232ms to 51,176ms. 28x above 1,800ms target. | H2: Profile critical rendering path. Defer render-blocking JS. Implement SSR/SSG for initial HTML shell. Code-split with next/dynamic. Lazy load below-fold components. Check for new dependencies added since v3. Target: FCP < 1,800ms. | I2: P0 | J2: Major | K2: Consumer
A3: V3-002 | B3: Performance | C3: Critical | D3: Homepage TTFB 3,882ms (4.9x target) | E3: Claimed: Stripped next/dynamic chunking | F3: NOT FIXED | G3: TTFB 3,882ms (slight improvement from 4,339ms). Only homepage affected. | H3: Check getServerSideProps or server component data fetching. Add edge caching or ISR for homepage. Ensure no blocking API calls in server render. Check Vercel function logs for cold starts. | I3: P0 | J3: Major | K3: Consumer
A4: V3-003 | B4: Functionality | C4: Critical | D4: POS system does not exist | E4: Claimed: Built POS with offline/manual payment | F4: NOT FIXED | G4: /pos, /admin/pos, /terminal, /admin/terminal all return 404 | H4: Build POS module: daily bookings view, check-in, walk-in booking, payment processing, receipt generation. Add POS link to admin sidebar. Implement outlet-scoped access. | I4: P0 | J4: Major | K4: POS
A5: V3-004 | B5: Security | C5: Critical | D5: 5 security headers missing (4th audit cycle) | E5: Claimed: middleware.ts injecting headers | F5: NOT FIXED | G5: CSP, X-Frame-Options, X-Content-Type-Options, Referrer-Policy, Permissions-Policy all MISSING | H5: Add headers in next.config.js async headers() or middleware.ts. Verify deployment includes the middleware file. Check if vercel.json is overriding headers. | I5: P0 | J5: Quick Win | K5: Platform
A6: V3-005 | B6: Security | C6: Critical | D6: Server/X-Powered-By exposed | E6: Claimed: Removed X-Powered-By | F6: NOT FIXED | G6: Server: Vercel and X-Powered-By: Next.js still present | H6: Set poweredByHeader: false in next.config.js. Configure Vercel project settings or middleware to strip Server header. | I6: P0 | J6: Quick Win | K6: Platform
A7: V3-006 | B7: Security | C7: Critical | D7: Admin no-auth access | E7: Claimed: Credentials rotated, middleware restrictions | F7: NOT FIXED | G7: Admin panel loads without login redirect after clearing all storage. No authentication middleware active. | H7: Implement server-side session validation middleware. Use httpOnly secure cookies. Add rate limiting (5 attempts = 15min lockout). Require strong passwords. Implement MFA. | I7: P0 | J7: Major | K7: Admin
A8: V4-001 | B8: Performance | C8: Critical | D8: FCP Critical Regression 3.9x worse | E8: NEW FINDING | F8: NEW | G8: FCP degraded from 13,232ms (v3) to 51,176ms (v4). Most severe performance regression across all audit cycles. | H8: Same as V3-001. Additionally investigate what changed between v3 and v4 deployments. Check git diff for new dependencies or removed optimizations. | I8: P0 | J8: Major | K8: Consumer
A9: V4-003 | B9: Security | C9: Critical | D9: Admin panel authentication bypass | E9: NEW FINDING | F9: NEW | G9: Admin panel accessible without any authentication after clearing all browser storage. Middleware auth appears non-functional. | H9: Verify middleware.ts is deployed and executing. Check Vercel function logs for middleware invocation. Ensure matcher patterns include /admin routes. | I9: P0 | J9: Major | K9: Admin
A10: V3-007 | B10: Functionality | C10: High | D10: SEE ALL link doesn't navigate | E10: Claimed: Hard-wired to /services | F10: PARTIAL | G10: href="/book" but click doesn't trigger navigation from homepage | H10: Fix Next.js Link component implementation. Check for e.preventDefault() calls. Ensure proper client-side routing. Link should point to /services (once built). | I10: P1 | J10: Quick Win | K10: Consumer
A11: V3-009 | B11: UX | C11: High | D11: 3 naming mismatches sidebar vs page | E11: Claimed: Resolved naming alignments | F11: NOT FIXED | G11: "Bookings Pipeline" vs "Operations Pipeline", "Staff Registry" vs "Staff Roster Setup", "Outlets & Managers" vs "Outlets & Operations" | H11: Choose one name per section. Update sidebar component and page titles to match. | I11: P1 | J11: Quick Win | K11: Admin
A12: V3-010 | B12: Functionality | C12: High | D12: Pipeline grid "No grid columns" | E12: Claimed: Dynamic staff pulling by locationId | F12: NOT FIXED | G12: Schedule grid shows no therapist columns despite 2 active therapists | H12: Query assigned staff for selected outlet. Render as grid columns. Place bookings in correct staff column at correct time slot. | I12: P1 | J12: Moderate | K12: Admin
... A27: V3-024 | B27: UX | C27: Low | D27: Login label confusion | E27: Claimed: Expanded to "ID / Mobile Number" | F27: NOT VERIFIED | G27: Admin login field may still say "MOBILE NUMBER" | H27: Change label to "ID / Mobile Number" or create separate admin login route. | I27: P3 | J27: Quick Win | K27: Admin

Sheet Test Cases
A1: TC-ID | B1: Module | C1: Title | D1: Priority | E1: Type | F1: Preconditions | G1: Test Steps | H1: Expected Result
A2: TC-PERF-001 | B2: Consumer | C2: Measure First Contentful Paint (FCP) | D2: P0 | E2: Performance | F2: Clean browser cache, no throttling | G2: 1. Navigate to homepage 2. Open DevTools Performance tab 3. Record page load 4. Measure FCP metric | H2: FCP should be < 1,800ms. Current: 51,176ms (FAILED)
A3: TC-PERF-002 | B3: Consumer | C3: Measure Time to First Byte (TTFB) | D3: P0 | E3: Performance | F3: Clean cache, slow 3G simulation | G3: 1. Navigate to homepage 2. Enable Network throttling (Slow 3G) 3. Record load time 4. Measure TTFB | H3: TTFB should be < 800ms. Current: 3,882ms (FAILED)
A4: TC-PERF-003 | B4: Consumer | C4: Test booking page load performance | D4: P1 | E4: Performance | F4: User logged in, service selected | G4: 1. Navigate to booking page 2. Record performance metrics 3. Measure LCP and INP | H4: LCP < 2.5s, INP < 200ms
A5: TC-PERF-004 | B5: Admin | C5: Measure admin dashboard load time | D5: P1 | E5: Performance | F5: Admin authenticated, cache clear | G5: 1. Login to admin 2. Navigate to dashboard 3. Record page load metrics | H5: Initial load < 3 seconds
A6: TC-PERF-005 | B6: Consumer | C6: Test booking confirmation page performance | D6: P1 | E6: Performance | F6: Booking in progress, all data loaded | G6: 1. Proceed to confirmation 2. Measure rendering time 3. Check for layout shifts | H6: No CLS > 0.1, FCP < 2.5s
A7: TC-PERF-006 | B7: Admin | C7: Test pipeline grid rendering with 20+ bookings | D7: P1 | E7: Performance | F7: Outlet selected, bookings loaded | G7: 1. Load Bookings Pipeline with 20+ entries 2. Measure render time 3. Check for scrolling lag | H7: Grid renders in < 2s, scroll FPS > 50
A8: TC-PERF-007 | B8: Consumer | C8: Test image loading performance on services page | D8: P1 | E8: Performance | F8: Services page loaded | G8: 1. Open /services page 2. Measure image load times 3. Check lazy loading | H8: Images load progressively, LCP < 2.5s
A9: TC-PERF-008 | B9: Admin | C9: Test leaderboard calculation and render time | D9: P1 | E9: Performance | F9: Multiple outlets with data | G9: 1. Open Leaderboard 2. Measure data fetch and render 3. Check sort performance | H9: Render < 1.5s, sort < 500ms
A10: TC-SEC-001 | B10: Platform | C10: Verify Content Security Policy header | D10: P0 | E10: Security | F10: Browser DevTools open | G10: 1. Open DevTools Network tab 2. Navigate to any page 3. Check response headers | H10: CSP header should be present and properly configured
A11: TC-SEC-002 | B11: Platform | C11: Verify X-Frame-Options header | D11: P0 | E11: Security | F11: Browser DevTools open | G11: 1. Check response headers for X-Frame-Options 2. Try to iframe the page in another domain | H11: X-Frame-Options: DENY or SAMEORIGIN should be set
A12: TC-SEC-003 | B12: Platform | C12: Verify Server header not exposed | D12: P0 | E12: Security | F12: Browser DevTools open | G12: 1. Make request to any page 2. Check response headers 3. Look for Server header | H12: Server header should be stripped or generic
... A66: TC-REG-005 | B66: Consumer | C66: Regression: Booking confirmation email sending | D66: P1 | E66: Regression | F66: Email system functional | G66: 1. Complete booking 2. Check email 3. Verify content | H66: Confirmation email should be sent automatically

Sheet Summary Dashboard
A1: Flexology v4 Audit - Summary Dashboard
A3: Findings by Severity
A4: Critical | B4: High | C4: Medium | D4: Low | E4: Total
A5: =COUNTIF('All Findings'!C:C,"Critical") -> 8 | B5: =COUNTIF('All Findings'!C:C,"High") -> 7 | C5: =COUNTIF('All Findings'!C:C,"Medium") -> 8 | D5: =COUNTIF('All Findings'!C:C,"Low") -> 3 | E5: =SUM(A5:D5) -> 26
A8: Findings by Status
A9: NOT FIXED | B9: PARTIAL | C9: NEW | D9: NOT VERIFIED | E9: FIXED
A10: =COUNTIF('All Findings'!F:F,"NOT FIXED*") -> 18 | B10: =COUNTIF('All Findings'!F:F,"PARTIAL") -> 2 | C10: =COUNTIF('All Findings'!F:F,"NEW") -> 3 | D10: =COUNTIF('All Findings'!F:F,"NOT VERIFIED") -> 3 | E10: =COUNTIF('All Findings'!F:F,"FIXED") -> 0
A13: Findings by Module | D13: Findings by Category
A14: Module | B14: Count | D14: Category | E14: Count
A15: Consumer | B15: =COUNTIF('All Findings'!K:K,"Consumer") -> 8 | D15: Performance | E15: =COUNTIF('All Findings'!B:B,"Performance") -> 3
A16: Admin | B16: =COUNTIF('All Findings'!K:K,"Admin") -> 13 | D16: Security | E16: =COUNTIF('All Findings'!B:B,"Security") -> 4
A17: POS | B17: =COUNTIF('All Findings'!K:K,"POS") -> 1 | D17: Functionality | E17: =COUNTIF('All Findings'!B:B,"Functionality") -> 6
A18: Platform | B18: =COUNTIF('All Findings'!K:K,"Platform") -> 4 | D18: Data Integrity | E18: =COUNTIF('All Findings'!B:B,"Data Integrity") -> 7
D19: UX | E19: =COUNTIF('All Findings'!B:B,"UX") -> 6
A21: Deployment Readiness Score
A22: Category | B22: Score (/10)
A23: Performance | B23: =1/10 -> 0.1
A24: Security | B24: =2/10 -> 0.2
A25: Functionality | B25: =5/10 -> 0.5
A26: UX | B26: =5/10 -> 0.5
A27: Data Integrity | B27: =3/10 -> 0.3
A28: OVERALL | B28: =AVERAGE(B23:B27) -> 0.32

Sheet Quick Wins
A1: ID | B1: Category | C1: Severity | D1: Title | E1: v3 Claim | F1: v4 Status | G1: Description | H1: Recommended Fix | I1: Priority | J1: Effort | K1: Module
A2: V3-004 | B2: Security | C2: Critical | D2: 5 security headers missing (4th audit cycle) | E2: Claimed: middleware.ts injecting headers | F2: NOT FIXED | G2: CSP, X-Frame-Options, X-Content-Type-Options, Referrer-Policy, Permissions-Policy all MISSING | H2: Add headers in next.config.js async headers() or middleware.ts. Verify deployment includes the middleware file. Check if vercel.json is overriding headers. | I2: P0 | J2: Quick Win | K2: Platform
A3: V3-005 | B3: Security | C3: Critical | D3: Server/X-Powered-By exposed | E3: Claimed: Removed X-Powered-By | F3: NOT FIXED | G3: Server: Vercel and X-Powered-By: Next.js still present | H3: Set poweredByHeader: false in next.config.js. Configure Vercel project settings or middleware to strip Server header. | I3: P0 | J3: Quick Win | K3: Platform
A4: V3-007 | B4: Functionality | C4: High | D4: SEE ALL link doesn't navigate | E4: Claimed: Hard-wired to /services | F4: PARTIAL | G4: href="/book" but click doesn't trigger navigation from homepage | H4: Fix Next.js Link component implementation. Check for e.preventDefault() calls. Ensure proper client-side routing. Link should point to /services (once built). | I4: P1 | J4: Quick Win | K4: Consumer
A5: V3-009 | B5: UX | C5: High | D5: 3 naming mismatches sidebar vs page | E5: Claimed: Resolved naming alignments | F5: NOT FIXED | G5: "Bookings Pipeline" vs "Operations Pipeline", "Staff Registry" vs "Staff Roster Setup", "Outlets & Managers" vs "Outlets & Operations" | H5: Choose one name per section. Update sidebar component and page titles to match. | I5: P1 | J5: Quick Win | K5: Admin
A6: V4-002 | B6: Functionality | C6: High | D6: Sign Out button non-functional | E6: NEW FINDING | F6: NEW | G6: Clicking Sign Out in admin doesn't log out or redirect. User stays on dashboard. | H6: Debug Sign Out form submission. Ensure it clears server-side session. Add redirect to homepage or login after signout. | I6: P1 | J6: Quick Win | K6: Admin
A7: V3-014 | B7: Data Integrity | C7: Medium | D7: Therapist "indra" not capitalized | E7: Claimed: DB sanitized | F7: NOT FIXED | G7: Still shows "indra" in staff registry | H7: Run DB migration to capitalize: UPDATE therapists SET name = 'Indra' WHERE name = 'indra'. Add name validation on input. | I7: P2 | J7: Quick Win | K7: Admin
A8: V3-015 | B8: UX | C8: Medium | D8: Pre-filled staff form "Sarah Jenkins" | E8: Claimed: Not specified | F8: NOT FIXED | G8: Add Therapist form shows "Sarah Jenkins" and "Sports Massage, Recovery" | H8: Replace pre-filled values with empty inputs or proper placeholder attributes. | I8: P2 | J8: Quick Win | K8: Admin
A9: V3-017 | B9: Data Integrity | C9: Medium | D9: Time format uses periods (08.00) | E9: Claimed: Not specified | F9: NOT FIXED | G9: Outlets page shows "08.00" and "22.00" with periods instead of colons | H9: Standardize time display to HH:MM format with colons across all pages. | I9: P2 | J9: Quick Win | K9: Admin
A10: V3-018 | B10: Data Integrity | C10: Medium | D10: Credit card rate comma decimal (0,02) | E10: Claimed: Sanitized via replace() | F10: NOT FIXED | G10: System Variables shows "0,02" instead of "0.02" | H10: Ensure numeric inputs use period decimal separator. Apply locale-aware parsing or force standard decimal notation. | I10: P2 | J10: Quick Win | K10: Admin
A11: V3-016 | B11: UX | C11: Medium | D11: Contact details hidden behind keyboard | E11: Claimed: Expanded padding pb-[200px] | F11: NOT VERIFIED | G11: Booking summary Contact Details may be obscured by Confirm button | H11: Verify on mobile viewport. Ensure sticky button doesn't overlap form content. Add scroll padding. | I11: P2 | J11: Quick Win | K11: Consumer
A12: V3-025 | B12: UX | C12: Low | D12: Generic 404 page | E12: Claimed: Custom "Lost in the Void" deployed | F12: NOT FIXED | G12: Still shows "The wellness therapy or page you are looking for has been removed..." | H12: Deploy the custom not-found.tsx. Add Flexology branding, helpful navigation links, search suggestions. | I12: P3 | J12: Quick Win | K12: Platform
A13: V3-024 | B13: UX | C13: Low | D13: Login label confusion | E13: Claimed: Expanded to "ID / Mobile Number" | F13: NOT VERIFIED | G13: Admin login field may still say "MOBILE NUMBER" | H13: Change label to "ID / Mobile Number" or create separate admin login route. | I13: P3 | J13: Quick Win | K13: Admin
